,Topic,PublicationId,ArticleId,Articel,Score,ArticleUrl
dfsfsafafsafbureau of investigation,amex_johniannarelli_com,amex_johniannarelli_com-5b2cf327cd3b3737bd6da8ce,News Articles,100000,http://johniannarelli.com/news-articles/
,federal bureau of investigation,amex_radio_foxnews_com,amex_radio_foxnews_com-5b2cf33ecd3b3737bd6da8fa,The FOX News Rundown 2/21/2018,100000,https://radio.foxnews.com/2018/02/21/the-fox-news-rundown-2-21-2018/?utm_content=buffer497e6&utm_medium=social&utm_source=twitter.com&utm_campaign=buffer
x,federal bureau of investigation,amex_www_hannity_com,amex_www_hannity_com-5b2cec33c01c692bd4bcc8a7,STRZOK OUT: The Anti-Trump Agent is 'ESCORTED' from FBI Headquarters,100000,https://www.hannity.com/media-room/strzok-out-the-anti-trump-agent-is-escorted-from-fbi-headquarters/amp/
x,federal bureau of investigation,amex_www_hannity_com,amex_www_hannity_com-5b2cf29d2d52c067af95b5aa,GMAIL G-MAN: Comey Reportedly Used PRIVATE GMAIL Account for FBI Business,100000,https://www.hannity.com/media-room/gmail-g-man-comey-reportedly-used-private-gmail-account-for-fbi-business/amp/
x,federal bureau of investigation,amex_www_hannity_com,amex_www_hannity_com-5b2cf5704306703f420ce781,GRASSLEY UNCHAINED: Sen. Grassley ACCUSES FBI of HIDING Trump Dossier Intel,100000,https://www.hannity.com/media-room/grassley-unchained-sen-grassley-accuses-fbi-of-hiding-trump-dossier-intel/
x, bureau of investigation,amex_www_mediaite_com,amex_www_mediaite_com-5b2cecc6a57b7a255b5e03c2,DOJ IG Reveals James Comey Used a Personal Email to Conduct FBI Business,100000,https://www.mediaite.com/online/doj-ig-reveals-james-comey-used-a-personal-email-to-conduct-fbi-business/
x,federal bureau of investigation,amex_www_wsj_com,amex_www_wsj_com-5b2cf460ff79d767dbc57867,"Author Alleges China Used Business Deals to Influence Families of Mitch McConnell, Joe Biden",100000,https://www.wsj.com/articles/author-alleges-china-used-business-deals-to-influence-families-of-mitch-mcconnell-joe-biden-1521141489
x,federal bureau of investigation,amex_www_wsj_com,amex_www_wsj_com-5b2ce8db2f91d20d4f344a47,A Reckoning for the FBI,100000,https://www.wsj.com/articles/a-reckoning-for-the-fbi-1517617641
x,federal bureau of investigation,amex_www_wsj_com,amex_www_wsj_com-5b2cf1d00ce0d440bd27d462,Insubordination and Bias at FBI,100000,https://www.wsj.com/articles/insubordination-and-bias-at-fbi-1529018176
x,federal sfsafasfsfsbureau of investigation,amex_www_breitbart_com,amex_www_breitbart_com-5b2ceb8bc6fdc91cb6c02bc4,IG Report Questions Why FBI Did Not Investigate Huma Abedin's Emails During Hillary Probe,77777,http://www.breitbart.com/big-government/2018/06/19/ig-report-questions-why-fbi-did-not-investigate-huma-abedins-emails-during-hillary-probe/amp/?__twitter_impression=true
x,federal bureau of investigation,amex_truepundit_com,amex_truepundit_com-5b2ceb8ec6fdc91cb6c02bcf,"FBI Left Hillary Friends Devices Alone, Feared Too Many Crimes Would Be Found True Pundit",60000,https://truepundit.com/fbi-left-hillary-friends-devices-alone-feared-too-many-crimes-would-be-found/
x,federal bureau of investigation,amex_thehill_com,amex_thehill_com-5b2ce7f9eac078070f5d2ce5,The FBI's fractured fairytale,58695,http://thehill.com/opinion/campaign/391566-the-fbis-fractured-fairytale
x,federal bureau of investigation,amex_thehill_com,amex_thehill_com-5b2ce7fc86c2ac064494d100,Most say they believe FBI over Trump,58333,http://thehill.com/blogs/blog-briefing-room/news/373146-poll-most-say-they-believe-fbi-over-trump
x,federal bureau of investigation,amex_shareblue_com,amex_shareblue_com-5b2cf061dad0dd38ea546510,Newly revealed emails prove Sarah Sanders flat-out lied about Comey firing,55263,https://shareblue.com/newly-revealed-emails-prove-sarah-sanders-flat-out-lied-about-comey-firing/
x,federal bureau of investigation,amex_politics_theonion_com,amex_politics_theonion_com-5b2cf486292cff51fe3e8c5a,Aha! Shouts Devin Nunes Pulling Back Shower Curtain In Hopes Of Revealing Hidden FBI Agent,50000,https://politics.theonion.com/aha-shouts-devin-nunes-pulling-back-shower-curtain-i-1822669370?utm_content=Main&utm_campaign=SF&utm_source=Twitter&utm_medium=SocialMarketing
x,federal bureau of investigation,amex_thehill_com,amex_thehill_com-5b2cf4969a7b647c4cc6e39f,Clinton jokes that she thought about leaving US after Trump won,50000,http://thehill.com/blogs/in-the-know/in-the-know/386541-clinton-jokes-that-she-thought-about-leaving-us-after-trump-won
x,federal bureau of investigation,amex_townhall_com,amex_townhall_com-5b2cee6c72383a2d042417d7,"Some Woman Yelled 'Mr. President, F**k You' As Trump Headed To Speaker Ryan's Office",50000,https://townhall.com/tipsheet/mattvespa/2018/06/19/classy-lady-some-woman-yelled-mr-president-fk-you-as-trump-headed-to-spea-n2492460
x, bureau of investigation,amex_www_aspeninstitute_org,amex_www_aspeninstitute_org-5b2cea4412e0231fb38eb5c4,The Evolution of Robert Mueller,50000,https://www.aspeninstitute.org/blog-posts/evolution-robert-mueller/
x,federal bureau ofsafasfsfasf investigation,amex_www_azdesertswarm_com,amex_www_azdesertswarm_com-5b2cf4c000999d2cb69e4d95,Arizonas outside counsel doesnt have access to Sean Miller wiretap recordings,50000,https://www.azdesertswarm.com/basketball/2018/2/25/17052112/arizona-wildcats-basketball-fbi-wiretap-recordings-sean-miller-investigation-claims-mark-schlabach
x,federal bureau of investigation,amex_www_bostonherald_com,amex_www_bostonherald_com-5b2cf55144c68f4019963f54,Time to shut down this Russia probe,50000,http://www.bostonherald.com/opinion/op_ed/2017/12/graham_time_to_shut_down_this_russia_probe#.WjOoYqCLtn8.twitter
x,federal bureau of investigation,amex_www_fastcompany_com,amex_www_fastcompany_com-5b2cea9c3df8ae17ce67a1f5,Women Who Watched The X-Files Pursued More Careers In STEM,50000,https://www.fastcompany.com/40558899/women-who-watched-the-x-files-pursued-more-careers-in-stem
x,federal bureau ofsafasfsafasfasfas investigation,amex_www_hannity_com,amex_www_hannity_com-5b2cec31c01c692bd4bcc89e,FLASHBACK: Comey Threatens HUGE TROUBLE for FBI Agents Who Use GMAIL,50000,https://www.hannity.com/media-room/flashback-comey-threatens-huge-trouble-for-fbi-agents-who-use-gmail/
,federal bureau of investigation,amex_www_justice_gov,amex_www_justice_gov-5b2cf2d6e58fc733700ce7ae,Obtaining Evidence,50000,https://www.justice.gov/usam/usam-9-13000-obtaining-evidence#9-13.420
,federal bureau of investigation,amex_www_westernjournal_com,amex_www_westernjournal_com-5b2cf1ec0ce0d440bd27d4b9,Inspector General to Announce Obama DOJ Broke Law in Clinton Email Probe,50000,https://www.westernjournal.com/report-inspector-general-to-announce-obama-doj-broke-law-in-clinton-email-probe/?utm_source=Twitter&utm_medium=PostBottomSharingButtons&utm_content=2018-05-18&utm_campaign=websitesharingbuttons
,federal bureau of investigation,amex_thehill_com,amex_thehill_com-5b2ce7deeca3660638225c49,Trump attacking the FBI hurts Americans' safety,43750,http://thehill.com/policy/national-security/fbi/385686-comey-trump-attacking-the-fbi-hurts-americans-safety
,federal bureau of investigation,amex_www_hannity_com,amex_www_hannity_com-5b2cf29e2d52c067af95b5ac,IT'S OFFICIAL: James Comey Under INVESTIGATION for Leaking Classified Memos,40000,https://www.hannity.com/media-room/breaking-james-comey-under-investigation-for-leaking-classified-memos/amp/
,federal bureau of investigation,amex_www_washingtonpost_com,amex_www_washingtonpost_com-5b2cf305669eda5f771fd40a,The FBI didnt use an informant to go after Trump. They used one to protect him.,35849,https://www.washingtonpost.com/news/posteverything/wp/2018/05/18/if-the-fbi-used-an-informant-it-wasnt-to-go-after-trump-it-was-to-protect-him/?utm_term=.ac6987b29814&noredirect=on
,federal bureau of investigation,amex_foreignpolicy_com,amex_foreignpolicy_com-5b2ceeff77d18646a7ab11f3,Trump Launched Campaign to Discredit Potential FBI Witnesses,35483,http://foreignpolicy.com/2018/01/26/trump-launched-campaign-to-discredit-potential-fbi-witnesses/?utm_content=buffer989ee&utm_medium=social&utm_source=twitter.com&utm_campaign=buffer
,federal bureau of investigation,amex_arstechnica_com,amex_arstechnica_com-5b2cf4c6a3947a3d7a7869a5,"FBI recovers WhatsApp, Signal data stored on Michael Cohens BlackBerry",33333,https://arstechnica.com/information-technology/2018/06/fbi-recovered-hundreds-of-encrypted-messages-from-michael-cohens-phone/
,federal bureau of investigation,amex_www_breitbart_com,amex_www_breitbart_com-5b2ceb88c6fdc91cb6c02bba,Congress Investigates Whether FBI Agents Altered Evidence in Flynn Case,33333,http://www.breitbart.com/big-government/2018/06/21/rep-mark-meadows-fbi-agents-under-investigation-for-evidence-tampering-in-flynn-case/
,federal bureau of investigation,amex_www_fiercehealthcare_com,amex_www_fiercehealthcare_com-5b2cee8d498d42207dee239d,AHA appoints former FBI agent to new cybersecurity role,33333,https://www.fiercehealthcare.com/tech/aha-cybersecurity-john-riggi?4abfccc0=6da6ccd4
,federal bureau of investigation,amex_www_govtech_com,amex_www_govtech_com-5b2cf44053e0a874344867e9,"Nearly Two Weeks Post-Cyberattack, Atlanta Continues Its Recovery",33333,http://www.govtech.com/security/Nearly-Two-Weeks-Post-Cyberattack-Atlanta-Continues-Its-Recovery.html?_lrsc=5314da00-7df0-4e89-9955-a7e0b0d579f5
,federal bureau of investigation,amex_www_nytimes_com,amex_www_nytimes_com-5b2cf4bca3947a3d7a78697f,New Charges in Huge C.I.A. Breach Known as Vault 7,33333,https://www.nytimes.com/2018/06/18/us/politics/charges-cia-breach-vault-7.html
,federal bureau of investigation,amex_www_whsv_com,amex_www_whsv_com-5b2cf45194963c51271f16c4,West Virginia Supreme Court justice indicted on 22 federal charges,33333,http://www.whsv.com/content/news/West-Virginia-Supreme-Court-justice-indicted-on-22-federal-charges-486037551.html
,federal bureau of investigation,amex_diamondandsilk_americandailynews_org,amex_diamondandsilk_americandailynews_org-5b2cec36c01c692bd4bcc8,Take One Guess Who's Name Was Scrubbed from Incriminating Comey Docs This Changes EVERYTHING,30769,https://diamondandsilk.americandailynews.org/2018/06/15/take-one-guess-whos-name-scrubbed-incriminating-comey-docs-changes-everything/
,federal bureau of investigation,amex_www_hannity_com,amex_www_hannity_com-5b2cf50917b14a68b2f14fd9,BUREAU BIAS? Top Republican Says FBI Misled DOJ with FALSE INFORMATION,28571,https://www.hannity.com/media-room/bureau-bias-top-republican-says-fbi-misled-doj-with-false-information/
,federal bureau of investigation,amex_www_politico_com,amex_www_politico_com-5b2ce7cd896fbc058ee59a94,Its Now Likely Mueller Thinks Trump Obstructed Justice,28571,https://www.politico.com/magazine/story/2018/01/26/mueller-trump-obstruction-of-justice-russia-216532
,federal bureau of investigation,amex_www_zdnet_com,amex_www_zdnet_com-5b2cf14d6c5ecd2c7c85df07,FBI to all router users: Reboot now to neuter Russia's VPNFilter malware,28000,https://www.zdnet.com/article/fbi-to-all-router-users-reboot-now-to-neuter-russias-vpnfilter-malware/
,federal bureau of investigation,amex_www_wsj_com,amex_www_wsj_com-5b2cf144df09874ce1b5a475,A Reckoning for the FBI,27692,https://www.wsj.com/articles/a-reckoning-for-the-fbi-1517617641
,federal bureau of investigation,amex_www_salon_com,amex_www_salon_com-5b2ceaca46cd2b1e0c6b01cf,FBI admits it failed to act on second Florida school shooting tip,27272,https://www.salon.com/2018/02/16/the-fbi-admits-it-failed-to-act-on-second-florida-school-shooting-tip/
,federal bureau of investigation,amex_www_vox_com,amex_www_vox_com-5b2ce8ea2f91d20d4f344a77,Trump never met with Papadopoulos. Reality,26315,https://www.vox.com/world/2018/2/5/16973936/nunes-memo-trump-george-papadopoulos?utm_campaign=vox&utm_content=chorus&utm_medium=social&utm_source=twitter
,federal bureau of investigation,amex_bbemaildelivery_com,amex_bbemaildelivery_com-5b2ceafe81020e19c241da08,Tips for Negotiating to Win,25000,http://bbemaildelivery.com/bbext/?p=email&id=d0282a35-96a6-8408-cab4-0c62429b1d33&socialType=FACEBOOK_PAGES_411428930299
,federal bureau of investigation,amex_thehill_com,amex_thehill_com-5b2cebdaa9c1f927b946a2f3,EU official mocks Trump with viral Merkel photo,25000,http://thehill.com/policy/international/391579-eu-official-mocks-trump-with-viral-merkel-photo-what-does-putin-have-on
,federal bureau of investigation,amex_thehill_com,amex_thehill_com-5b2cef0d1ba36c2ffe3ee379,"Humana credits GOP tax bill for boost to employee benefits, wages",25000,http://thehill.com/policy/healthcare/taxes-and-fees/369354-humana-details-employee-benefits-of-gop-tax-bill
,federal bureau of investigation,amex_thehill_com,amex_thehill_com-5b2ce96f5da9140a9c47f4d3,"Trump may have given Kim an offer he dares not refuse, despite Beijing's objections",25000,http://thehill.com/opinion/national-security/389125-trump-may-have-given-kim-an-offer-he-dares-not-refuse-despite-Beijings-objections
,federal bureau of investigation,amex_thehill_com,amex_thehill_com-5b2ce972cc7db019033f2ce7,Trump 'beclowned himself' at G-7 summit,25000,http://thehill.com/blogs/blog-briefing-room/news/391554-gop-strategist-trump-beclowned-himself-at-g7-summit
,federal bureau of investigation,amex_thehill_com,amex_thehill_com-5b2cef0d1ba36c2ffe3ee375,Profit outlook brightens for ObamaCare insurers,25000,http://thehill.com/regulation/healthcare/368019-profit-outlook-brightens-for-obamacare-insurers
,federal bureau of investigation,amex_thehill_com,amex_thehill_com-5b2cefa0d4c5f3417451c87a,Maddow draws more viewers than Hannity on Wednesday despite Trump tweet,25000,http://thehill.com/homenews/media/382950-maddow-draws-more-viewers-than-hannity-on-wednesday
,federal bureau of investigation,amex_thehill_com,amex_thehill_com-5b2cf0f1bc51c53bb0310688,Canadian parliament condemns Trump attacks on Trudeau,25000,http://thehill.com/homenews/administration/391780-canadian-parliament-condemns-trump-attacks-on-trudeau
,federal bureau of investigation,amex_thehill_com,amex_thehill_com-5b2cf23aaeb003598d9439d6,Trump kept mentioning arming teachers,25000,http://thehill.com/homenews/administration/390203-parent-of-texas-shooting-victim-trump-kept-mentioning-arming-teachers#.WxFUMf9k6Sw.twitter
x,fight,amex_www_skysports_com,amex_www_skysports_com-5b2ceac146cd2b1e0c6b01bb,Dillian Whyte delivers his verdict on shortlist of opponents for next fight,350000,http://www.skysports.com/boxing/news/12183/11318696/dillian-whyte-delivers-his-verdict-on-shortlist-of-opponents-for-next-fight?utm_source=dlvr.it&utm_medium=twitter
x,fight,amex_www_skysports_com,amex_www_skysports_com-5b2ceab946cd2b1e0c6b0193,Dillian Whyte welcomes world title eliminator against Kubrat Pulev or Alexander Povetkin,220000,http://www.skysports.com/boxing/news/12183/11319276/dillian-whyte-welcomes-world-title-eliminator-against-kubrat-pulev-or-alexander-povetkin?utm_source=dlvr.it&utm_medium=twitter
x,fight,amex_www_skysports_com,amex_www_skysports_com-5b2cea9d46cd2b1e0c6b014d,Eddie Hearn tells Deontay Wilder that Anthony Joshua could fight Alexander Povetkin next,150000,http://www.skysports.com/boxing/news/12183/11392037/joshua-vs-wilder-eddie-hearn-tells-deontay-wilder-that-anthony-joshua-could-fight-alexander-povetkin-next?utm_source=dlvr.it&utm_medium=twitter
x,fight,amex_www_espn_com,amex_www_espn_com-5b2cecf78a74d62e1e47e6d6,UFC's Poirier using newfound fame to improve lives in hometown,110000,http://www.espn.com/mma/story/_/id/23132980/ufc-dustin-poirier-using-newfound-fame-improve-lives-hometown
x,fight,amex_www_skysports_com,amex_www_skysports_com-5b2ceaaa46cd2b1e0c6b0176,Tommy Coyle describes Commonwealth title fight against Sean Dodd as his 'relaunch',110000,http://www.skysports.com/boxing/news/12183/11336714/khan-vs-lo-greco-tommy-coyle-describes-commonwealth-title-fight-against-sean-dodd-as-his-relaunch?utm_source=dlvr.it&utm_medium=twitter
x,fight,amex_www_dailysignal_com,amex_www_dailysignal_com-5b2cecc861c78b11f09ff033,"100 Years Ago, US Marines Helped Turn the Tide of World War I",100000,https://www.dailysignal.com/2018/06/05/100-years-ago-us-marines-helped-turn-the-tide-of-world-war-i/
x,fight,amex_www_mmafighting_com,amex_www_mmafighting_com-5b2cecef8a74d62e1e47e6c6,Michael Bisping announces official retirement from MMA,100000,https://www.mmafighting.com/2018/5/28/17403490/michael-bisping-announces-official-retirement-from-mma?utm_campaign=mmafighting&utm_content=chorus&utm_medium=social&utm_source=twitter
x,fight,amex_www_skysports_com,amex_www_skysports_com-5b2ceaaa46cd2b1e0c6b017b,Dillian Whyte feels betrayed after WBC denied him a mandatory title fight with Deontay Wilder,100000,http://www.skysports.com/boxing/news/12183/11348718/dillian-whyte-feels-betrayed-after-wbc-denied-him-a-mandatory-title-fight-with-deontay-wilder?utm_source=dlvr.it&utm_medium=twitter
x,fight,amex_www_skysports_com,amex_www_skysports_com-5b2cea9c46cd2b1e0c6b0145,Kubrat Pulev hopes to fight Dillian Whyte next but says 'many things still need to be agreed',100000,http://www.skysports.com/boxing/news/12183/11377621/kubrat-pulev-hopes-to-fight-dillian-whyte-next-but-says-many-things-still-need-to-be-agreed?utm_source=dlvr.it&utm_medium=twitter
x,fight,amex_www_skysports_com,amex_www_skysports_com-5b2ceaba46cd2b1e0c6b019e,"Deontay Wilder is ready and waiting for offer to fight Anthony Joshua, says his co-manager Shelly Finkel",90000,http://www.skysports.com/boxing/news/12183/11317804/deontay-wilder-is-ready-and-waiting-for-offer-to-fight-anthony-joshua-say-his-co-manager-shelly-finkel?utm_source=dlvr.it&utm_medium=twitter
x,fight,amex_www_letstalkaboutcost_org,amex_www_letstalkaboutcost_org-5b2ce9806bb8791012d2a3c5,Let's Talk About Cost,80000,https://www.letstalkaboutcost.org/?utm_source=Twitter&utm_medium=Social&utm_campaign=LTAC_Gallery&utm_term=09010501050400&utm_content=RTG/#answer0
x,fight,amex_www_skysports_com,amex_www_skysports_com-5b2cea9e46cd2b1e0c6b0152,Joshua Buatsi wants to fight Anthony Yarde this year,80000,http://www.skysports.com/boxing/news/12183/11375109/joshua-buatsi-wants-to-fight-anthony-yarde-this-year?utm_source=dlvr.it&utm_medium=twitter
x,fight,amex_www_skysports_com,amex_www_skysports_com-5b2ceabf46cd2b1e0c6b01b1,Anthony Joshua challenges Deontay Wilder and Tyson Fury to 'come face-to-face',80000,http://www.skysports.com/boxing/news/12183/11334100/anthony-joshua-challenges-deontay-wilder-and-tyson-fury-to-come-face-to-face?utm_source=dlvr.it&utm_medium=twitter
x,fight,amex_www_skysports_com,amex_www_skysports_com-5b2ceaaa46cd2b1e0c6b017a,Deontay Wilder says Anthony Joshua fight 'will definitely happen',80000,http://www.skysports.com/boxing/news/12183/11352890/deontay-wilder-says-anthony-joshua-fight-will-definitely-happen?utm_source=dlvr.it&utm_medium=twitter
x,fight,amex_www_skysports_com,amex_www_skysports_com-5b2cea9d46cd2b1e0c6b014b,Tony Bellew 'serious' about taking on American Andre Ward,70000,http://www.skysports.com/boxing/news/12183/11376406/tony-bellew-serious-about-taking-on-american-andre-ward?utm_source=dlvr.it&utm_medium=twitter
x,fight,amex_www_9news_com_au,amex_www_9news_com_au-5b2cf53244c68f4019963f03,Jeff Horn ready to 'fight his heart out',60000,https://www.9news.com.au/world/2018/06/08/15/00/jake-horn-terrence-crawford-las-vegas-fight-preview
x,fight,amex_www_skysports_com,amex_www_skysports_com-5b2cea9d46cd2b1e0c6b0149,Paul Upton determined to win life-changing fight against Ted Cheeseman,60000,http://www.skysports.com/boxing/news/12183/11394789/watkins-vs-okolie-paul-upton-determined-to-win-life-changing-fight-against-ted-cheeseman?utm_source=dlvr.it&utm_medium=twitter
x,fight,amex_www_skysports_com,amex_www_skysports_com-5b2ceaab46cd2b1e0c6b017e,"Anthony Joshua will sign to fight Deontay Wilder if the deal is real, says David Haye",55000,http://www.skysports.com/boxing/news/12183/11347595/bellew-vs-haye-2-anthony-joshua-will-sign-to-fight-deontay-wilder-if-the-deal-is-real-says-david-haye?utm_source=dlvr.it&utm_medium=twitter
x,fight,amex_www_skysports_com,amex_www_skysports_com-5b2cea9546cd2b1e0c6b0124,Anthony Joshua backs British rival Dillian Whyte for KO win over Joseph Parker,53333,http://www.skysports.com/boxing/news/12183/11398554/whyte-vs-parker-anthony-joshua-backs-british-rival-dillian-whyte-for-ko-win-over-joseph-parker?utm_source=dlvr.it&utm_medium=twitter
x,fight,amex_www_crowdrise_com,amex_www_crowdrise_com-5b2cf19d3fd04c527d9d8e8a,Seths Pounding for PANDAS,50000,https://www.crowdrise.com/o/en/campaign/seths-pounding-for-pandas?utm_campaign=oc&utm_medium=twitter&utm_source=crowdrise
,fight,amex_www_skysports_com,amex_www_skysports_com-5b2ceaba46cd2b1e0c6b01a1,Amir Khan says he is 'a bit nervous' ahead of return to the ring,50000,http://www.skysports.com/boxing/news/12183/11329104/amir-khan-says-he-is-a-bit-nervous-ahead-of-return-to-the-ring?utm_source=dlvr.it&utm_medium=twitter
,fight,amex_medium_com,amex_medium_com-5b2cf2c93ddd723425e75b0a,Ohio Dems have PRIDE! Celebrating Ohio's LGBTQ candidates of 2018,40000,https://medium.com/@ohdems/ohio-dems-have-pride-celebrating-ohios-lgbtq-candidates-of-2018-2dbd9f08e0b8
,fight,amex_www_skysports_com,amex_www_skysports_com-5b2ceaaa46cd2b1e0c6b0179,Adonis Stevenson believes he can stop Badou Jack with a single punch,40000,http://www.skysports.com/boxing/news/12183/11345132/stevenson-vs-jack-adonis-stevenson-believes-he-can-stop-badou-jack-with-a-single-punch?utm_source=dlvr.it&utm_medium=twitter
,fight,amex_www_skysports_com,amex_www_skysports_com-5b2cea9a46cd2b1e0c6b0137,Tyson Fury to face Sefer Seferi in heavyweight comeback fight,40000,http://www.skysports.com/boxing/news/12183/11379680/tyson-fury-to-face-sefer-seferi-in-heavyweight-comeback-fight?utm_source=dlvr.it&utm_medium=twitter
,fight,amex_www_skysports_com,amex_www_skysports_com-5b2cea9e46cd2b1e0c6b0153,Ted Cheeseman to face Paul Upton at York Hall,40000,http://www.skysports.com/boxing/news/12183/11372576/watkins-vs-okolie-ted-cheeseman-to-face-paul-upton-at-york-hall?utm_source=dlvr.it&utm_medium=twitter
,fight,amex_www_washingtonpost_com,amex_www_washingtonpost_com-5b2ced6fb75b6c3210e830a3,"How Peeps, pensions and a lawsuit threaten to upend the American retirement system",40000,https://www.washingtonpost.com/news/business/wp/2018/03/29/feature/trouble-in-candy-land-how-peeps-pensions-and-a-lawsuit-threaten-to-upend-the-american-retirement-system/?noredirect=on
,fight,amex_itunes_apple_com,amex_itunes_apple_com-5b2ceed4b92e581a93fddcc5,The Bay Area Martial Arts Podcast by Wade Pitts on Apple Podcasts,30000,https://itunes.apple.com/us/podcast/the-bay-area-martial-arts-podcast/id1299140661?mt=2&ign-mpt=uo%3D4
,fight,amex_www_adn_com,amex_www_adn_com-5b2cedc2cdcc031cc2e349f0,"Anchorage man attacked roommate with Legend of Zelda sword then a real knife, charges say",30000,https://www.adn.com/alaska-news/crime-courts/2018/01/30/anchorage-man-attacked-roommate-with-legend-of-zelda-toy-sword-and-knife-charges-say/
,fight,amex_www_horsenation_com,amex_www_horsenation_com-5b2cedbeb75b6c3210e83145,The Last Horsemen of New York Documentary Spotlights NYCs Carriage Horse Battle,30000,http://www.horsenation.com/2018/05/01/the-last-horsemen-of-new-york-documentary-spotlights-nycs-carriage-horse-battle/?utm_campaign=shareaholic&utm_medium=twitter&utm_source=socialnetwork
,fight,amex_www_nytimes_com,amex_www_nytimes_com-5b2cef011ba36c2ffe3ee337,"As Trump Leads a War on California, Who Will Lead California?",30000,https://www.nytimes.com/2018/04/03/us/california-governor-villaraigosa-newsom-trump.html
,fight,amex_www_seattletimes_com,amex_www_seattletimes_com-5b2ce80c896fbc058ee59b0e,Texts and emails reveal behind-the-scenes battles as Ed Murray tried to save his career,30000,https://www.seattletimes.com/seattle-news/times-watchdog/texts-and-emails-reveal-behind-the-scenes-battles-as-ed-murray-tried-to-save-his-career-as-seattle-mayor/?utm_source=twitter&utm_medium=social&utm_campaign=article_left_1.1
,fight,amex_www_skysports_com,amex_www_skysports_com-5b2cea9b46cd2b1e0c6b013c,Jaime Munguia beats Sadam Ali to become WBO super-welterweight champion,30000,http://www.skysports.com/boxing/news/12183/11370283/jaime-munguia-beats-sadam-ali-to-become-wbo-super-welterweight-champion?utm_source=dlvr.it&utm_medium=twitter
,fight,amex_www_skysports_com,amex_www_skysports_com-5b2ceaa946cd2b1e0c6b0171,"Tony Bellew, Amir Khan, Kell Brook, Joe Joyce plus more",30000,http://www.skysports.com/boxing/news/12183/11346356/toe-2-toe-podcast-tony-bellew-amir-khan-kell-brook-joe-joyce-plus-more?utm_source=dlvr.it&utm_medium=twitter
,fight,amex_www_skysports_com,amex_www_skysports_com-5b2cea9c46cd2b1e0c6b0147,Kell Brook to fight again in July with Jarrett Hurd possible opponent after that,30000,http://www.skysports.com/boxing/news/12183/11383962/kell-brook-to-fight-again-in-july-with-jarrett-hurd-possible-opponent-after-that?utm_source=dlvr.it&utm_medium=twitter
,fight,amex_www_theguardian_com,amex_www_theguardian_com-5b2cf0f28d58873d3ca43027,We were arrested and put in acell up by Big Ben,30000,https://www.theguardian.com/world/2018/mar/27/section-28-protesters-30-years-on-we-were-arrested-and-put-in-a-cell-up-by-big-ben?CMP=Share_iOSApp_Other
,fight,amex_www_skysports_com,amex_www_skysports_com-5b2ceaba46cd2b1e0c6b01a2,Jason Quigley delighted to have marked first fight with Dominic Ingle with a knockout win in Boston,25000,http://www.skysports.com/boxing/news/12183/11316778/jason-quigley-delighted-to-have-marked-first-fight-with-dominic-ingle-with-a-knockout-win-in-boston?utm_source=dlvr.it&utm_medium=twitter
,fight,amex_articles_mercola_com,amex_articles_mercola_com-5b2ceec8717e9a30b38000b7,Learn to Beet Alzheimers Naturally,20000,https://articles.mercola.com/sites/articles/archive/2018/04/12/beets-may-help-prevent-alzheimers.aspx
,fight,amex_world_einnews_com,amex_world_einnews_com-5b2cef6ce6e2f84d99951e33,Mom battling brain cancer says her kids motivate her to keep fighting,20000,https://world.einnews.com/article/446613908/79S7PoZ0MTi2ikii
,fight,amex_www_romper_com,amex_www_romper_com-5b2cf177ca9bc560ef2f3f25,"8 Memorial Day Quotes From Barack Obama, Because He Truly Understood Remembrance",20000,https://www.romper.com/p/8-memorial-day-quotes-from-barack-obama-because-he-truly-understood-remembrance-9210397
,fight,amex_www_skysports_com,amex_www_skysports_com-5b2cea9146cd2b1e0c6b0111,Josh Kelly and Lewis Ritson make weight for Newcastle fights,20000,http://www.skysports.com/boxing/news/12183/11405739/ritson-vs-hyland-jnr-josh-kelly-and-lewis-ritson-make-weight-for-newcastle-fights?utm_source=dlvr.it&utm_medium=twitter
,fight,amex_www_skysports_com,amex_www_skysports_com-5b2ceaaa46cd2b1e0c6b017c,Weigh-in results hint David Haye will be faster and sharper,20000,http://www.skysports.com/boxing/news/12183/11358431/bellew-vs-haye-2-weigh-in-results-hint-david-haye-will-be-faster-and-sharper?utm_source=dlvr.it&utm_medium=twitter
,fight,amex_www_skysports_com,amex_www_skysports_com-5b2cea9d46cd2b1e0c6b014c,Tony Bellew backs Badou Jack to finally topple WBC champion Adonis Stevenson,20000,http://www.skysports.com/boxing/news/12183/11376285/stevenson-vs-jack-tony-bellew-backs-badou-jack-to-finally-topple-wbc-champion-adonis-stevenson?utm_source=dlvr.it&utm_medium=twitter
,fight,amex_www_skysports_com,amex_www_skysports_com-5b2ceacc46cd2b1e0c6b01dd,Dillian Whyte says Anthony Joshua is still No 1 target despite Deontay Wilder talk,20000,http://www.skysports.com/boxing/news/12183/11308404/joshua-vs-parker-dillian-whyte-says-anthony-joshua-is-still-no-1-target-despite-deontay-wilder-talk?utm_source=dlvr.it&utm_medium=twitter
,fight,amex_www_skysports_com,amex_www_skysports_com-5b2cea9f46cd2b1e0c6b0158,Manchester Thunder linking up with Terry Flanagan ahead of Wasps showdown,20000,http://www.skysports.com/netball/news/12183/11391037/manchester-thunder-linking-up-with-terry-flanagan-ahead-of-wasps-showdown?utm_source=dlvr.it&utm_medium=twitter
,fight,amex_www_skysports_com,amex_www_skysports_com-5b2ceaaa46cd2b1e0c6b0175,Hughie Fury remains confident he can beat Anthony Joshua despite first defeat,20000,http://www.skysports.com/boxing/news/12183/11366629/hughie-fury-remains-confident-he-can-beat-anthony-joshua-despite-first-defeat?utm_source=dlvr.it&utm_medium=twitter
,fight,amex_www_skysports_com,amex_www_skysports_com-5b2cea9446cd2b1e0c6b011b,Paul Hyland Jnr says win over Lewis Ritson could lead to world title chance,16666,http://www.skysports.com/boxing/news/12183/11401824/ritson-vs-hyland-jnr-paul-hyland-jnr-says-win-over-lewis-ritson-could-lead-to-world-title-chance?utm_source=dlvr.it&utm_medium=twitter
,fight,amex_drawme_com,amex_drawme_com-5b2cf1e4ca9bc560ef2f3ffd,SPECIAL WISH Sketch DrawMe,15000,https://drawme.com/special-wish-sketch/
,fight,amex_www_skysports_com,amex_www_skysports_com-5b2cea9446cd2b1e0c6b0120,Simon Vallily and Charlie Edwards seek career-changing wins in Newcastle,15000,http://www.skysports.com/boxing/news/12183/11402699/ritson-vs-hyland-jnr-simon-vallily-and-charlie-edwards-seek-career-changing-wins-in-newcastle?utm_source=dlvr.it&utm_medium=twitter
,fight,amex_www_skysports_com,amex_www_skysports_com-5b2cea9446cd2b1e0c6b011f,Paul Smith Jr announces retirement from boxing,15000,http://www.skysports.com/boxing/news/12183/11407870/paul-smith-jr-announces-retirement-from-boxing?utm_source=dlvr.it&utm_medium=twitter
,fight,amex_www_skysports_com,amex_www_skysports_com-5b2ceac146cd2b1e0c6b01ba,Amir Khan vows to make 'disrespectful' Phil Lo Greco pay for personal attack,12500,http://www.skysports.com/boxing/news/12183/11324295/khan-vs-lo-greco-amir-khan-vows-to-make-disrespectful-phil-lo-greco-pay-for-personal-attack?utm_source=dlvr.it&utm_medium=twitter
x,akron,amex_www_ohio_com,amex_www_ohio_com-5b2cf2100c04dd5332ee550c,Fund created to put up LeBron James statue in his Akron hometown,300000,https://www.ohio.com/akron/writers/craig-webb/fund-created-to-put-up-lebron-james-statue-in-his-akron-hometown#.WwKnnig7ZWw.twitter
x,akron,amex_www_ohio_com,amex_www_ohio_com-5b2cf2180c04dd5332ee5537,"New to parenthood and sobriety, Akron couple works to balance both after opioid-dependent newborn is sent to NICU",200000,https://www.ohio.com/akron/news/breaking-news-news/new-to-parenthood-and-sobriety-akron-couple-works-to-balance-both-after-opioid-dependent-newborn-is-sent-to-nicu#.Wvg3Clk7WOg.twitter
x,akron,amex_www_ohio_com,amex_www_ohio_com-5b2cf1fd0c04dd5332ee54b0,"Akron seeks 20-year, $10 million loan to rebuild one of its newer firehouses",200000,https://www.ohio.com/akron/news/local/city-seeks-20-year-10-million-loan-to-rebuild-one-of-its-newer-firehouses#.WyJIfu8ERwY.twitter
x,akron,amex_www_ohio_com,amex_www_ohio_com-5b2cf20f0c04dd5332ee5505,Whats eating downtown Akron? DAP asks that as part of its summertime restaurant promotion; prizes to be awarded,100000,https://www.ohio.com/akron/writers/katie-byard/whats-eating-downtown-akron-dap-asks-that-as-part-of-its-summertime-restaurant-promotion-prizes-to-be-awarded#.Ww6GTM4Tzu0.twitter
x,akron,amex_www_ohio_com,amex_www_ohio_com-5b2cf1fc0c04dd5332ee54ab,Akron is opposing a top-rated business in the medical marijuana industry,100000,https://www.ohio.com/akron/news/local/akron-is-opposing-a-top-rated-business-in-the-medical-marijuana-industry#.Wyoq9XBKWcs.twitter
x,akron,amex_www_ohio_com,amex_www_ohio_com-5b2cf20e0c04dd5332ee54f7,"An ax, a gun and a fight at motel in Green lead to charges against 3 Akron men",100000,https://www.ohio.com/akron/news/local/an-axe-a-gun-and-a-fight-at-steves-motel-in-green-lead-to-charges-against-three-akron-men#.WwXilptPVDk.twitter
x,akron,amex_www_ohio_com,amex_www_ohio_com-5b2cf21b0c04dd5332ee5543,Bill Albrecht named publisher of Akron Beacon Journal/Ohio.com as GateHouse Media era begins,100000,https://www.ohio.com/akron/news/local/bill-albrecht-named-publisher-of-akron-beacon-journal-ohio-com-as-gatehouse-media-era-begins
x,akron,amex_www_ohio_com,amex_www_ohio_com-5b2cf2060c04dd5332ee54ce,Akron engineers plan to save another $10.5 million in $1 billion sewer project,100000,https://www.ohio.com/akron/news/local/akron-engineers-plan-to-save-another-10-5-million-in-billion-dollar-sewer-project#.WxZwsLl56TA.twitter
x,akron,amex_www_ohio_com,amex_www_ohio_com-5b2cf2050c04dd5332ee54c6,Beacon Journal named best newspaper in Ohio,100000,https://www.ohio.com/akron/news/local/beacon-journal-named-best-newspaper-in-ohio#.WxNM9cZF9NA.twitter
x,akron,amex_www_ohio_com,amex_www_ohio_com-5b2cf2050c04dd5332ee54c7,Patrick Carney of the Black Keys recalls Anthony Bourdains very Akron sense of humor,100000,https://www.ohio.com/akron/news/local/patrick-carney-of-the-black-keys-recalls-anthony-bourdains-very-akron-sense-of-humor#.WxryhGCK5TE.twitter
x,akron,amex_www_ohio_com,amex_www_ohio_com-5b2cf2190c04dd5332ee553b,A Mothers Day story of hope resonates with readers,100000,https://www.ohio.com/akron/news/local/a-mothers-day-story-of-hope-resonates-with-readers#.WwFxQPIljyA.twitter
x,akron,amex_www_ohio_com,amex_www_ohio_com-5b2cf20f0c04dd5332ee5501,A positive financial forecast for Akron schools might spell trouble for charter schools,100000,https://www.ohio.com/akron/news/breaking-news-news/a-positive-financial-forecast-for-akron-schools-might-spell-trouble-for-charter-schools#.Ww_YbVtiHGQ.twitter
x,akron,amex_www_ohio_com,amex_www_ohio_com-5b2cf2190c04dd5332ee553e,New efforts hope to excite Akron area residents about its Native American past,100000,https://www.ohio.com/akron/news/local/new-efforts-hope-to-excite-akron-area-residents-about-its-native-american-past#.Wv1nhahTKM4.twitter
x,akron,amex_www_ohio_com,amex_www_ohio_com-5b2cf20a0c04dd5332ee54ea,Splash into summer at one of the Akron areas free splash parks,100000,https://www.ohio.com/akron/entertainment/things-to-do/splash-into-summer-at-one-of-the-akron-areas-free-splash-parks#.Wxk5LB5FV6Y.twitter
x,akron,amex_www_ohio_com,amex_www_ohio_com-5b2cf1fa0c04dd5332ee549e,Settlement reached in legal battle between two rival Akron hospitals; terms are confidential,100000,https://www.ohio.com/akron/business/healthcare/settlement-reached-in-legal-battle-between-two-rival-akron-hospitals-terms-are-confidential#.Wx-qfgjZ-_o.twitter
x,akron,amex_www_ohio_com,amex_www_ohio_com-5b2cf1fb0c04dd5332ee54a3,Former treasurer of Akron firefighters union going to prison,100000,https://www.ohio.com/akron/news/local/former-treasurer-of-akron-firefighters-union-going-to-prison#.WyjkslAzh3E.twitter
x,akron,amex_www_ohio_com,amex_www_ohio_com-5b2cf1ff0c04dd5332ee54bb,Akron firefighters suspended for allegedly making porn recording on city property,75000,https://www.ohio.com/akron/news/akron-firefighters-suspended-for-allegedly-making-porn-recording-on-city-property
x,akron,amex_www_ohio_com,amex_www_ohio_com-5b2cf2080c04dd5332ee54de,"Lee Simmons, former staff assistant to Gerald R. Ford and Akron resident, dies at 87",57142,https://www.ohio.com/akron/writers/katie-byard/lee-simmons-former-staff-assistant-to-gerald-r-ford-dies-at-87#.Wxq0ftAckhQ.twitter
x,akron,amex_www_ohio_com,amex_www_ohio_com-5b2cf1fd0c04dd5332ee54b1,Wandering bear dies on I-77 in Akron,55555,https://www.ohio.com/akron/news/local/highway-motorist-hits-kills-bear-on-i-77-in-akron#.Wx_uWr7MrxI.twitter
x,akron,amex_www_dispatch_com,amex_www_dispatch_com-5b2ceaf01e52c213dd20bab0,Active-shooter training aims to arm teachers,50000,http://www.dispatch.com/news/20180424/active-shooter-training-aims-to-arm-teachers?rssfeed=true
,akron,amex_www_ohio_com,amex_www_ohio_com-5b2cf1fe0c04dd5332ee54b7,Meet Akron Anonymous and the man authorities say attacked Akrons websites,50000,https://www.ohio.com/akron/news/breaking-news-news/behind-the-mask-meet-akron-anonymous-and-the-man-authorities-say-attacked-akrons-websites#.WyZUnHM3sbY.twitter
,akron,amex_www_ohio_com,amex_www_ohio_com-5b2cf2160c04dd5332ee552c,Akron mayor withdraws legislation to hike bee fee after beekeepers felt stung by increase,50000,https://www.ohio.com/akron/news/local/akron-mayor-withdraws-legislation-to-hike-bee-fee-after-beekeepers-felt-stung-by-increase#.Wv6389jBB2A.twitter
,akron,amex_www_ohio_com,amex_www_ohio_com-5b2cf2180c04dd5332ee5534,Acme Fresh Markets scrap Fuel Rewards program; will honor accumulated rewards through October 2019,50000,https://www.ohio.com/akron/news/local/acme-fresh-markets-scrap-fuel-rewards-program-will-honor-accumulated-rewards-through-october-2019#.WvS6rycYlfY.twitter
,akron,amex_www_ohio_com,amex_www_ohio_com-5b2cf21b0c04dd5332ee5545,Feds say Akron hacker launched cyber attack that shut down citys website,50000,https://www.ohio.com/akron/news/anonymous-feds-say-akron-hacktvist-launched-cyber-attack-that-shut-down-citys-web-site-more
,akron,amex_www_ohio_com,amex_www_ohio_com-5b2cf2170c04dd5332ee5531,Akron plans to target vacant commercial buildings; effort similar to that in Sandusky,42857,https://www.ohio.com/akron/news/local/akron-plans-to-target-vacant-commercial-buildings-effort-similar-to-that-in-sandusky#.WvbiYOhdsfw.twitter
,akron,amex_www_citylab_com,amex_www_citylab_com-5b2cf41962c89c4f5f66f7e8,"No, the Rest Aren't Rising in High-Tech Venture Capital",33333,https://www.citylab.com/life/2018/03/the-extreme-geographic-inequality-of-high-tech-venture-capital/552026/?utm_source=twb
,akron,amex_www_ohio_com,amex_www_ohio_com-5b2cf2060c04dd5332ee54d2,Downtown Akron to get new McDonalds headquarters and training facility,33333,https://www.ohio.com/akron/news/local/downtown-akron-to-get-new-mcdonalds-headquarters-and-training-facility#.WxKVuQW0iEo.twitter
,akron,amex_www_ohio_com,amex_www_ohio_com-5b2cf20f0c04dd5332ee5504,"In the hell of war, a brave man risked all for his troops",33333,https://www.ohio.com/akron/lifestyle/local-history/local-history-in-the-hell-of-war-a-brave-man-risked-all-for-his-troops#.Wwv8bx-8-ck.twitter
,akron,amex_www_ohio_com,amex_www_ohio_com-5b2cf20e0c04dd5332ee54fb,"West Point Market files for Chapter 11 bankruptcy, expects to remain open",20000,https://www.ohio.com/akron/news/local/west-point-market-files-for-chapter-11-bankruptcy-expects-to-remain-open#.WwfuY0zozxc.twitter
,akron,amex_www_ohio_com,amex_www_ohio_com-5b2cf1fc0c04dd5332ee54a8,UA expects to dip into its reserves by $24 million less than originally projected,20000,https://www.ohio.com/akron/news/breaking-news-news/ua-expects-to-dip-into-its-reserves-by-24-million-less-than-originally-projected#.WyJIV1nJ0qg.twitter
,akron,amex_www_ohio_com,amex_www_ohio_com-5b2cf2070c04dd5332ee54d8,"Fentanyl, cocaine, heroin and other illicit drugs often masquerade as prescription medicine on the streets",20000,https://www.ohio.com/akron/news/fentanyl-cocaine-heroin-and-other-illicit-drugs-often-masquerade-as-prescription-medicine-on-the-streets#.Wx5ZTyt7pnc.twitter
,akron,amex_www_ohio_com,amex_www_ohio_com-5b2cf2090c04dd5332ee54e2,"Marlas 49 shots from beyond the arc on uncomfortable times three, Currys flurry and a lack of options",20000,https://www.ohio.com/akron/sports/breaking-news-sports/marlas-49-shots-from-beyond-the-arc-on-uncomfortable-times-three-currys-flurry-and-a-lack-of-options#.WxUgdQiydk8.twitter
,akron,amex_www_ohio_com,amex_www_ohio_com-5b2cf4ae9a7b647c4cc6e3dc,Beacon Journal/Ohio.com editorial board,20000,https://www.ohio.com/akron/editorial/editorials/beacon-journal-ohio-com-editorial-board-exports-ebay-and-akron
,akron,amex_www_ohio_com,amex_www_ohio_com-5b2cf20e0c04dd5332ee54f9,Macedonia man suspected in stabbings has history of mental illness and domestic violence,20000,https://www.ohio.com/akron/news/local/macedonia-man-has-history-of-mental-illness-and-domestic-violence#.Ww3Z4SdV38M.twitter
,akron,amex_www_ohio_com,amex_www_ohio_com-5b2cf2070c04dd5332ee54d7,Kent State students to get 24-hour Innovation Hub with food,20000,https://www.ohio.com/akron/writers/katie-byard/kent-state-students-to-get-24-hour-innovation-hub-with-food-trustees-approve-flat-budget#.WxkBqp648Xo.twitter
,akron,amex_www_ohio_com,amex_www_ohio_com-5b2cf1fa0c04dd5332ee5499,Main Street closing in Akron this weekend,20000,https://www.ohio.com/akron/news/local/main-street-closing-in-akron-this-weekend#.WykbhEnP-_U.twitter
,akron,amex_www_ohio_com,amex_www_ohio_com-5b2cf2050c04dd5332ee54ca,Five recent graduates celebrate employment straight out of high school,20000,https://www.ohio.com/akron/news/breaking-news-news/five-recent-graduates-celebrate-employment-straight-out-of-high-school#.Wxk6MlR2vUQ.twitter
,akron,amex_www_ohio_com,amex_www_ohio_com-5b2cf1fc0c04dd5332ee54ac,City tees up another $75 million in savings on the $1 billion sewer project,20000,https://www.ohio.com/akron/news/local/city-tees-up-another-75-million-in-savings-on-the-1-billion-sewer-project#.Wykb0Yc0CrM.twitter
,akron,amex_www_ohio_com,amex_www_ohio_com-5b2cf1fa0c04dd5332ee549d,"Goodyears first female CFO, Laura Thompson, to retire next year",20000,https://www.ohio.com/akron/business/breaking-news-business/goodyear-cfo-laura-thompson-to-retire-next-year#.WyjkzgPVr1w.twitter
,akron,amex_www_ohio_com,amex_www_ohio_com-5b2cf1f80c04dd5332ee5491,"Widow files wrongful death lawsuit against Summa, ER physician staffing group, others",20000,https://www.ohio.com/akron/news/local/widow-files-wrongful-death-lawsuit-against-summa-er-physician-staffing-group-others#.WyuH0avOm3Y.twitter
,akron,amex_www_ohio_com,amex_www_ohio_com-5b2cf2130c04dd5332ee551b,Distracted car drivers are leading cause of motorcycle crashes,20000,https://www.ohio.com/akron/news/local/distracted-car-drivers-are-leading-cause-of-motorcycle-crashes#.Ww01TC2kRrc.twitter
,akron,amex_www_ohio_com,amex_www_ohio_com-5b2cf2190c04dd5332ee553d,"Akron RubberDucks to host a four-game homestand with fun, food and some baseball",18181,https://www.ohio.com/akron/entertainment/things-to-do/akron-rubberducks-to-host-a-four-game-homestand-with-fun-food-and-some-baseball#.WvQyjWLpHKM.twitter
,akron,amex_www_ohio_com,amex_www_ohio_com-5b2cf2110c04dd5332ee550d,"Cavaliers-Warriors 4.0 not Groundhog Day, but a chance to watch greatness",16666,https://www.ohio.com/akron/sports/cavs/2018-nba-finals-cavaliers-warriors-4-0-not-groundhog-day-but-a-chance-to-watch-greatness#.Ww_Yigw-f9E.twitter
,akron,amex_www_ohio_com,amex_www_ohio_com-5b2cf20b0c04dd5332ee54ed,AMHA launches new project to close digital divide; connect residents with free Wi-Fi,16666,https://www.ohio.com/akron/news/local/amha-launches-new-project-to-close-digital-divide-connect-residents-with-free-wi-fi#.WxWtLasYPaw.twitter
,akron,amex_www_ohio_com,amex_www_ohio_com-5b2cf20e0c04dd5332ee54fe,How much has the opioid crisis cost Ohio?,16666,https://www.ohio.com/akron/news/how-much-has-the-opioid-crisis-cost-ohio#.Wws69OEuRII.twitter
,akron,amex_www_ohio_com,amex_www_ohio_com-5b2cf2170c04dd5332ee5533,"Marlas 50 shots from beyond the arc on a blow to the jaw, J.R.s dirty shot and gooning up the game",16666,https://www.ohio.com/akron/sports/breaking-news-sports/marlas-50-shots-from-beyond-the-arc-on-a-blow-to-the-jaw-j-r-s-dirty-shot-and-gooning-up-the-game#.WvwDCnx5hbg.twitter
,akron,amex_www_ohio_com,amex_www_ohio_com-5b2ceabdd464b620d72e0d3d,"Pinball resurgence rolls along with passionate players in Akron, Cleveland and beyond",16666,https://www.ohio.com/akron/entertainment/pinball-resurgence-rolls-along-with-passionate-players-in-akron-cleveland-and-beyond
,akron,amex_www_ohio_com,amex_www_ohio_com-5b2cf1f80c04dd5332ee5492,Akron Beacon Journal/Ohio.com makes case for LeBron to stay; readers can win cash for submitting reasons why,16666,https://www.ohio.com/akron/news/local/akron-beacon-journal-ohio-com-makes-case-for-lebron-to-stay-readers-can-win-cash-for-submitting-reasons-why
,akron,amex_www_ohio_com,amex_www_ohio_com-5b2cf2050c04dd5332ee54cb,Can we just be civil?,16666,https://www.ohio.com/akron/news/local/can-we-just-be-civil#.WxNMs__vD70.twitter
,akron,amex_www_ohio_com,amex_www_ohio_com-5b2cf1fd0c04dd5332ee54b2,Former McKinley High School teacher wont go to prison for sexual relationships with students,16666,https://www.ohio.com/akron/news/local/former-mckinley-high-school-teacher-wont-go-to-prison-for-sexual-relationships-with-students#.WylrH8nTi9w.twitter
x,colorado springs,amex_gazette_com,amex_gazette_com-5b2cec36c641d018a3377597,Fourth consecutive rise in Colorado Springs sales tax revenue a sign of surging economy,200000,http://gazette.com/fourth-consecutive-rise-in-colorado-springs-sales-tax-revenue-a-sign-of-surging-economy/article/1626169
x,colorado springs,amex_gazette_com,amex_gazette_com-5b2cec4dc641d018a337766f,UCHealth acquiring Pikes Peak Regional Hospital in Woodland Park,100000,http://gazette.com/uchealth-acquiring-pikes-peak-regional-hospital-in-woodland-park/article/1620232
x,colorado springs,amex_gazette_com,amex_gazette_com-5b2cec4cc641d018a3377666,Big box retailers in Colorado Springs hit hard by online sales,100000,http://gazette.com/big-box-retailers-in-colorado-springs-hit-hard-by-online-sales/article/1619503
x,colorado springs,amex_gazette_com,amex_gazette_com-5b2cec4ac641d018a3377657,"Colorado Springs, Aurora investment salesmen disciplined in Madyson case",100000,http://gazette.com/colorado-springs-aurora-investment-salesmen-disciplined-in-madyson-case/article/1620108
x,colorado springs,amex_gazette_com,amex_gazette_com-5b2cec41c641d018a33775f9,"Colorado Springs investment adviser, firm tied to $1.2 billion Ponzi scheme",100000,http://gazette.com/colorado-springs-investment-adviser-firm-tied-to-1.2-billion-ponzi-scheme/article/1622335
x,colorado springs,amex_gazette_com,amex_gazette_com-5b2cec3cc641d018a33775c9,"Colorado Springs startup FoodMaven opens new warehouse, plans expansion to new cities",100000,http://gazette.com/colorado-springs-startup-foodmaven-opens-new-warehouse-plans-expansion-to-new-cities/article/1623871
x,colorado springs,amex_gazette_com,amex_gazette_com-5b2cec3dc641d018a33775cf,Venture funding eludes Colorado Springs startups in first quarter,100000,http://gazette.com/venture-funding-eludes-colorado-springs-startups-in-first-quarter/article/1624127
x,colorado springs,amex_gazette_com,amex_gazette_com-5b2cec3bc641d018a33775c2,Colorado Springs teams advance to Go Code Colorado finals,100000,http://gazette.com/colorado-springs-teams-advance-to-go-code-colorado-finals/article/1624453
x,colorado springs,amex_gazette_com,amex_gazette_com-5b2cec55c641d018a3377692,European aircraft interior manufacturer awarded incentives to move to Colorado Springs,100000,http://gazette.com/european-aircraft-interior-manufacturer-awarded-incentives-to-move-to-colorado-springs/article/1619358
x,colorado springs,amex_gazette_com,amex_gazette_com-5b2cec54c641d018a337768b,Single investment boosts venture capital funding in Colorado Springs to 5-year high,100000,http://gazette.com/single-investment-boosts-venture-capital-funding-in-colorado-springs-to-5-year-high/article/1618754
x,colorado springs,amex_gazette_com,amex_gazette_com-5b2cec54c641d018a3377688,Sierra Nevada plans third hangar at Colorado Springs Airport,100000,http://gazette.com/sierra-nevada-plans-third-hangar-at-colorado-springs-airport/article/1618471
x,colorado springs,amex_gazette_com,amex_gazette_com-5b2cec56c641d018a337769d,"Colorado Springs cybersecurity firm wins contracts, plans expansion",100000,http://gazette.com/colorado-springs-cybersecurity-firm-wins-contracts-plans-expansion/article/1618921
x,colorado springs,amex_gazette_com,amex_gazette_com-5b2cec45c641d018a3377628,Politicians aren't taking cybersecurity threat seriously enough,100000,http://gazette.com/former-homeland-security-secretary-politicians-arent-taking-cybersecurity-threat-seriously-enough/article/1622281
x,colorado springs,amex_www_linkedin_com,amex_www_linkedin_com-5b2cec3ac641d018a33775ab,Wayne Heilman on LinkedIn,100000,https://www.linkedin.com/feed/update/urn:li:activity:6403024167087726592
x,colorado springs,amex_www_linkedin_com,amex_www_linkedin_com-5b2cec3bc641d018a33775b6,Wayne Heilman on LinkedIn,100000,https://www.linkedin.com/feed/update/urn:li:activity:6403022301159309312
x,colorado springs,amex_www_linkedin_com,amex_www_linkedin_com-5b2cec34c641d018a3377585,Wayne Heilman on LinkedIn,100000,https://www.linkedin.com/feed/update/urn:li:activity:6403024376672907264
x,colorado springs,amex_www_linkedin_com,amex_www_linkedin_com-5b2cec44c641d018a337761d,Wayne Heilman on LinkedIn,100000,https://www.linkedin.com/feed/update/urn:li:activity:6371215565373140992
x,colorado springs,amex_gazette_com,amex_gazette_com-5b2cec46c641d018a337762d,Housing costs push Colorado Springs cost of living higher,57142,http://gazette.com/housing-costs-push-colorado-springs-cost-of-living-higher/article/1621847
x,colorado springs,amex_gazette_com,amex_gazette_com-5b2cec47c641d018a337763c,ReStore named top social impact business in Colorado Springs,50000,http://gazette.com/restore-named-top-social-impact-business-in-colorado-springs/article/1622005
x,colorado springs,amex_gazette_com,amex_gazette_com-5b2cec55c641d018a3377699,Northrop Grumman to lay off 85 in March after losing contract,50000,http://gazette.com/northrop-grumman-to-lay-off-85-in-march-after-losing-contract/article/1618476
,colorado springs,amex_gazette_com,amex_gazette_com-5b2cec42c641d018a3377604,Colorado Springs unemployment rate declines even as labor force surges,50000,http://gazette.com/colorado-springs-unemployment-rate-declines-even-as-labor-force-surges/article/1623815
,colorado springs,amex_gazette_com,amex_gazette_com-5b2cec38c641d018a33775a5,Colorado Springs unemployment rate unchanged at 3.2 percent in April,50000,http://gazette.com/colorado-springs-unemployment-rate-unchanged-at-3.2-percent-in-april/article/1626868
,colorado springs,amex_gazette_com,amex_gazette_com-5b2cec3cc641d018a33775ca,"NASA must focus on 'risk leadership' to explore deeper in space, retiring director Lightfoot says",50000,http://gazette.com/nasa-must-focus-on-risk-leadership-to-explore-deeper-in-space-retiring-director-lightfoot-says/article/1624501
,colorado springs,amex_gazette_com,amex_gazette_com-5b2cec4dc641d018a337766b,Colorado Springs unemployment rate rises for four consecutive month to 3.6 percent,50000,http://gazette.com/colorado-springs-unemployment-rate-rises-for-four-consecutive-month-to-3.6-percent/article/1620499
,colorado springs,amex_gazette_com,amex_gazette_com-5b2cec36c641d018a3377599,Colorado Springs companies boost first-quarter revenue; earnings mixed,50000,http://gazette.com/colorado-springs-companies-boost-first-quarter-revenue-earnings-mixed/article/1625795
,colorado springs,amex_www_fox21news_com,amex_www_fox21news_com-5b2cf4bba3947a3d7a786979,49 Coloradans arrested in nationwide online child porn sting,50000,http://www.fox21news.com/news/crime/49-coloradans-arrested-in-nationwide-online-child-porn-sting/1241419077
,colorado springs,amex_gazette_com,amex_gazette_com-5b2cec37c641d018a337759c,"Small ""towers"" in Colorado Springs key to next-generation wireless service",42857,http://gazette.com/small-towers-in-colorado-springs-key-to-next-generation-wireless-service/article/1626450
,colorado springs,amex_gazette_com,amex_gazette_com-5b2cec42c641d018a3377601,Las Vegas-based Allegiant Air halting flights to Colorado Springs,41176,http://gazette.com/las-vegas-based-allegiant-air-halting-flights-to-colorado-springs/article/1623500
,colorado springs,amex_gazette_com,amex_gazette_com-5b2cec42c641d018a33775ff,Colorado Springs area unemployment rate declines to 3.5 percent in January,40000,http://gazette.com/colorado-springs-area-unemployment-rate-declines-to-3.5-percent-in-january/article/1622800
,colorado springs,amex_gazette_com,amex_gazette_com-5b2cec3cc641d018a33775c4,"Deloitte Consulting adds staff for Colorado Springs cybersecurity work, plans for more growth",37500,http://gazette.com/deloitte-consulting-adds-staff-for-colorado-springs-cybersecurity-work-plans-for-more-growth/article/1624981
,colorado springs,amex_gazette_com,amex_gazette_com-5b2cec47c641d018a337763b,Colorado Springs hotel industry extends growth streak after 2016 declines,33333,http://gazette.com/colorado-springs-hotel-industry-extends-growth-streak-after-2016-declines/article/1621576
,colorado springs,amex_gazette_com,amex_gazette_com-5b2cec3cc641d018a33775cb,"Space Symposium attracts 14,000 to Colorado Springs to hear top speakers",33333,http://gazette.com/space-symposium-attracts-14000-to-colorado-springs-to-hear-top-speakers/article/1624292
,colorado springs,amex_gazette_com,amex_gazette_com-5b2cec47c641d018a3377636,Colorado Springs accessibility consulting firm merges with engineering and architectural firm,33333,http://gazette.com/colorado-springs-accessibility-consulting-firm-merges-with-engineering-and-architectural-firm/article/1621438
,colorado springs,amex_gazette_com,amex_gazette_com-5b2cec4bc641d018a3377658,"StarTek to close Colorado Springs call center, lay off 261",33333,http://gazette.com/startek-to-close-colorado-springs-call-center-lay-off-261/article/1620248
,colorado springs,amex_gazette_com,amex_gazette_com-5b2cec55c641d018a3377697,"Tax bill largely failed to simplify federal income tax, Colorado Springs accountant says",33333,http://gazette.com/tax-bill-largely-failed-to-simplify-federal-income-tax-colorado-springs-accountant-says/article/1618780
,colorado springs,amex_gazette_com,amex_gazette_com-5b2cec3cc641d018a33775c5,Time is now to inspire next generation of space pioneers,33333,http://gazette.com/lockheed-ceo-time-is-now-to-inspire-next-generation-of-space-pioneers/article/1624513
,colorado springs,amex_gazette_com,amex_gazette_com-5b2cec3dc641d018a33775cc,"Rising threat of recession within a year, Colorado Springs economist Tatiana Bailey predicts",33333,http://gazette.com/rising-threat-of-recession-within-a-year-colorado-springs-economist-tatiana-bailey-predicts/article/1624698
,colorado springs,amex_www_foxnews_com,amex_www_foxnews_com-5b2cf005715d6f287a5d262d,"Colorado brain cancer patient, 4, hits home run during college baseball game",33333,http://www.foxnews.com/health/2018/05/18/colorado-brain-cancer-patient-4-hits-home-run-during-college-baseball-game.html
,colorado springs,amex_gazette_com,amex_gazette_com-5b2cec42c641d018a3377607,Colorado Springs job market to heat up in second quarter,30000,http://gazette.com/survey-colorado-springs-job-market-to-heat-up-in-second-quarter/article/1622560
,colorado springs,amex_gazette_com,amex_gazette_com-5b2cec39c641d018a33775a6,Colorado Springs Airport traffic continues passenger gains in April,28571,http://gazette.com/colorado-springs-airport-traffic-continues-passenger-gains-in-april/article/1626512
,colorado springs,amex_gazette_com,amex_gazette_com-5b2cec4bc641d018a3377660,Progressive hiring 900 at Colorado Springs campus this year,27777,http://gazette.com/progressive-hiring-900-at-colorado-springs-campus-this-year/article/1620492
,colorado springs,amex_gazette_com,amex_gazette_com-5b2cec48c641d018a337763d,"Colorado Springs man arrested on explosives, other charges in home explosion",27777,http://gazette.com/colorado-springs-man-arrested-on-explosives-other-charges-in-home-explosion/article/1621301
,colorado springs,amex_gazette_com,amex_gazette_com-5b2cec4dc641d018a337766e,YouTube TV adds another streaming television option in Colorado Springs,27272,http://gazette.com/youtube-tv-adds-another-streaming-television-option-in-colorado-springs/article/1620683
,colorado springs,amex_gazette_com,amex_gazette_com-5b2cec47c641d018a3377638,Colorado Springs sales tax collections end year with best month since June,27272,http://gazette.com/colorado-springs-sales-tax-collections-end-year-with-best-month-since-june/article/1621174
,colorado springs,amex_gazette_com,amex_gazette_com-5b2cec4bc641d018a337765d,Theft case against Colorado Springs developer back in local courts after appeals,27272,http://gazette.com/theft-case-against-colorado-springs-developer-back-in-local-courts-after-appeals/article/1619972
,colorado springs,amex_gazette_com,amex_gazette_com-5b2cec46c641d018a337762e,Cofounder returns to Colorado Springs software company as interim CEO,25000,http://gazette.com/cofounder-returns-to-colorado-springs-software-company-as-interim-ceo/article/1621990
,colorado springs,amex_gazette_com,amex_gazette_com-5b2cec3ec641d018a33775d6,FrontRange Software has become Ivanti and has big growth plans in Colorado Springs,24999,http://gazette.com/frontrange-software-has-become-ivanti-and-has-big-growth-plans-in-colorado-springs/article/1625567
,colorado springs,amex_gazette_com,amex_gazette_com-5b2cec4bc641d018a337765a,Northrop Grumman expands layoff list in Colorado Springs by another 38 employees,23076,http://gazette.com/northrop-grumman-expands-layoff-list-in-colorado-springs-by-another-38-employees/article/1619961
,colorado springs,amex_gazette_com,amex_gazette_com-5b2cec48c641d018a337763e,Colorado Springs hospital construction projects pass key milestone,22222,http://gazette.com/colorado-springs-hospital-construction-projects-pass-key-milestone/article/1621105
,colorado springs,amex_gazette_com,amex_gazette_com-5b2cec38c641d018a33775a2,Colorado Springs hotel industry sets records in April,21428,http://gazette.com/colorado-springs-hotel-industry-sets-records-in-april/article/1626392
x,sri aurobindo,amex_sriaurobindostudies_wordpress_com,amex_sriaurobindostudies_wordpress_com-5b2cf3b4420c64768d304eac,An Essential Principle of Nature,100000,https://sriaurobindostudies.wordpress.com/2018/01/14/diversity-in-unity-an-essential-principle-of-nature/
x,sri aurobindo,amex_sriaurobindostudies_wordpress_com,amex_sriaurobindostudies_wordpress_com-5b2cf3b0420c64768d304e85,Issues and Factors in the Potential Development of a World-State,100000,https://sriaurobindostudies.wordpress.com/2018/02/28/issues-and-factors-in-the-potential-development-of-a-world-state/
x,sri aurobindo,amex_sriaurobindostudies_wordpress_com,amex_sriaurobindostudies_wordpress_com-5b2cf3ae420c64768d304e63,The Development of a World-State along the General Lines of the Development of the Nation-State,100000,https://sriaurobindostudies.wordpress.com/2018/04/02/the-development-of-a-world-state-along-the-general-lines-of-the-development-of-the-nation-state/
x,sri aurobindo,amex_sriaurobindostudies_wordpress_com,amex_sriaurobindostudies_wordpress_com-5b2cf3a3420c64768d304e07,Limitations in the Implementation of the Idea of a Religion of Humanity,100000,https://sriaurobindostudies.wordpress.com/2018/06/21/limitations-in-the-implementation-of-the-idea-of-a-religion-of-humanity/
x,sri aurobindo,amex_sriaurobindostudies_wordpress_com,amex_sriaurobindostudies_wordpress_com-5b2cf3ac420c64768d304e48,Three Forces That Challenged the Imperial Idea Emerging from the First World War,66666,https://sriaurobindostudies.wordpress.com/2018/05/04/three-forces-that-challenged-the-imperial-idea-emerging-from-the-first-world-war/
x,sri aurobindo,amex_sriaurobindostudies_wordpress_com,amex_sriaurobindostudies_wordpress_com-5b2cf3ab420c64768d304e3e,"A World-State Winds Up As a Static, Non-Evolving Mechanism",66666,https://sriaurobindostudies.wordpress.com/2018/04/18/a-world-state-winds-up-as-a-static-non-evolving-mechanism/
x,sri aurobindo,amex_sriaurobindostudies_wordpress_com,amex_sriaurobindostudies_wordpress_com-5b2cf3ad420c64768d304e56,The Practical Impact of the Concept of Free Nationalism Following the First World War,50000,https://sriaurobindostudies.wordpress.com/2018/05/06/the-practical-impact-of-the-concept-of-free-nationalism-following-the-first-world-war/
x,sri aurobindo,amex_sriaurobindostudies_wordpress_com,amex_sriaurobindostudies_wordpress_com-5b2cf3ac420c64768d304e4e,Examination of the Concept of Free Nationality Propounded by the Western Imperial Powers After World War I,50000,https://sriaurobindostudies.wordpress.com/2018/05/05/examination-of-the-concept-of-free-nationality-propounded-by-the-western-imperial-powers-after-world-war-i/
x,sri aurobindo,amex_sriaurobindostudies_wordpress_com,amex_sriaurobindostudies_wordpress_com-5b2cf3b5420c64768d304ebb,The Process of the Action of the Mental Consciousness in Life,50000,https://sriaurobindostudies.wordpress.com/2018/01/10/the-process-of-the-action-of-the-mental-consciousness-in-life/
x,sri aurobindo,amex_sriaurobindostudies_wordpress_com,amex_sriaurobindostudies_wordpress_com-5b2cf3b3420c64768d304ea7,A Dominant Psychological Unity Is a Prime Determinant of Strong Nation-Units,50000,https://sriaurobindostudies.wordpress.com/2018/01/25/a-dominant-psychological-unity-is-a-prime-determinant-of-strong-nation-units/
x,sri aurobindo,amex_sriaurobindostudies_wordpress_com,amex_sriaurobindostudies_wordpress_com-5b2cf3ac420c64768d304e42,The Russian Idea of a Confederation of Free Self-Standing Nationalities in the Context of the Russian Revolution,50000,https://sriaurobindostudies.wordpress.com/2018/05/11/the-russian-idea-of-a-confederation-of-free-self-standing-nationalities-in-the-context-of-the-russian-revolution/
x,sri aurobindo,amex_sriaurobindostudies_wordpress_com,amex_sriaurobindostudies_wordpress_com-5b2cf3a3420c64768d304e03,The Idea and Spirit of the Intellectual Religion of Humanity,50000,https://sriaurobindostudies.wordpress.com/2018/06/18/the-idea-and-spirit-of-the-intellectual-religion-of-humanity/
x,sri aurobindo,amex_sriaurobindostudies_wordpress_com,amex_sriaurobindostudies_wordpress_com-5b2cf3ae420c64768d304e69,The Symbolic and Psychological Basis of the Customary Law of Traditional Societies,50000,https://sriaurobindostudies.wordpress.com/2018/02/07/the-symbolic-and-psychological-basis-of-the-customary-law-of-traditional-societies/
x,sri aurobindo,amex_sriaurobindostudies_wordpress_com,amex_sriaurobindostudies_wordpress_com-5b2cf3b1420c64768d304e93,The Evolution of a Centralised State As Exemplified in Europe,50000,https://sriaurobindostudies.wordpress.com/2018/02/04/the-evolution-of-a-centralised-state-as-exemplified-in-europe/
x,sri aurobindo,amex_sriaurobindostudies_wordpress_com,amex_sriaurobindostudies_wordpress_com-5b2cf3ac420c64768d304e47,The Value of a Unique Language for a People or Nation,40000,https://sriaurobindostudies.wordpress.com/2018/04/22/the-value-of-a-unique-language-for-a-people-or-nation/
x,sri aurobindo,amex_sriaurobindostudies_wordpress_com,amex_sriaurobindostudies_wordpress_com-5b2cf3ab420c64768d304e37,The Relationship of Language to the Culture of a People or Nation,40000,https://sriaurobindostudies.wordpress.com/2018/04/23/the-relationship-of-language-to-the-culture-of-a-people-or-nation/
x,sri aurobindo,amex_sriaurobindostudies_wordpress_com,amex_sriaurobindostudies_wordpress_com-5b2cf3b4420c64768d304eb2,Three Considerations for Human Progress and the Move Toward Human Unity,40000,https://sriaurobindostudies.wordpress.com/2018/01/04/three-considerations-for-human-progress-and-the-move-toward-human-unity/
x,sri aurobindo,amex_sriaurobindostudies_wordpress_com,amex_sriaurobindostudies_wordpress_com-5b2cf3af420c64768d304e72,The Legislative Function Should Embody and Express the Dharma of the Society,40000,https://sriaurobindostudies.wordpress.com/2018/02/18/the-legislative-function-should-embody-and-express-the-dharma-of-the-society/
x,sri aurobindo,amex_sriaurobindostudies_wordpress_com,amex_sriaurobindostudies_wordpress_com-5b2cf3a4420c64768d304e12,Three Potential Directions for Development of the First Formations of Human Unification,40000,https://sriaurobindostudies.wordpress.com/2018/06/11/three-potential-directions-for-development-of-the-first-formations-of-human-unification/
x,sri aurobindo,amex_sriaurobindostudies_wordpress_com,amex_sriaurobindostudies_wordpress_com-5b2cf3b5420c64768d304eb8,Two Models for Human Development,33333,https://sriaurobindostudies.wordpress.com/2018/01/15/conflict-or-cooperation-two-models-for-human-development/
,sri aurobindo,amex_sriaurobindostudies_wordpress_com,amex_sriaurobindostudies_wordpress_com-5b2cf3b0420c64768d304e7b,Two Methods Rulers Use to Attempt Control of the Societys Direction and Development,33333,https://sriaurobindostudies.wordpress.com/2018/02/22/two-methods-rulers-use-to-attempt-control-of-the-societys-direction-and-development/
,sri aurobindo,amex_sriaurobindostudies_wordpress_com,amex_sriaurobindostudies_wordpress_com-5b2cf3a5420c64768d304e21,Possible Forms of a World Government,33333,https://sriaurobindostudies.wordpress.com/2018/05/24/possible-forms-of-a-world-government-advantages-and-disadvantages/
,sri aurobindo,amex_sriaurobindostudies_wordpress_com,amex_sriaurobindostudies_wordpress_com-5b2cf3ab420c64768d304e38,The Pressure of Imperialism and Its Impacts Prior to World War I,33333,https://sriaurobindostudies.wordpress.com/2018/05/03/the-pressure-of-imperialism-and-its-impacts-prior-to-world-war-i/
,sri aurobindo,amex_sriaurobindostudies_wordpress_com,amex_sriaurobindostudies_wordpress_com-5b2cf3ab420c64768d304e3b,The Idea of World-Union As an Alternative to a World-State,33333,https://sriaurobindostudies.wordpress.com/2018/04/30/the-idea-of-world-union-as-an-alternative-to-a-world-state/
,sri aurobindo,amex_sriaurobindostudies_wordpress_com,amex_sriaurobindostudies_wordpress_com-5b2cf3a3420c64768d304e05,Understanding the Psychological Motives Behind the Initial Development of Human Groupings,33333,https://sriaurobindostudies.wordpress.com/2018/06/04/understanding-the-psychological-motives-behind-the-initial-development-of-human-groupings/
,sri aurobindo,amex_sriaurobindostudies_wordpress_com,amex_sriaurobindostudies_wordpress_com-5b2cf3a3420c64768d304e06,Trust to Nature to Work Out the Inevitable Unity of Humanity?,33333,https://sriaurobindostudies.wordpress.com/2018/06/10/trust-to-nature-to-work-out-the-inevitable-unity-of-humanity/
,sri aurobindo,amex_sriaurobindostudies_wordpress_com,amex_sriaurobindostudies_wordpress_com-5b2cf3b3420c64768d304e9d,The Idea of National Self-Determination,33333,https://sriaurobindostudies.wordpress.com/2018/01/27/the-idea-of-national-self-determination/
,sri aurobindo,amex_sriaurobindostudies_wordpress_com,amex_sriaurobindostudies_wordpress_com-5b2cf3ab420c64768d304e3f,The Rationale Behind the Concern for the Loss of Liberty and Vitality in the World-State,33333,https://sriaurobindostudies.wordpress.com/2018/04/14/the-rationale-behind-the-concern-for-the-loss-of-liberty-and-vitality-in-the-world-state/
,sri aurobindo,amex_sriaurobindostudies_wordpress_com,amex_sriaurobindostudies_wordpress_com-5b2cf3b0420c64768d304e81,The Form of Spirituality in Asia Is Transformed as Traditional Monarchical Patterns Fade,33333,https://sriaurobindostudies.wordpress.com/2018/03/03/the-form-of-spirituality-in-asia-is-transformed-as-traditional-monarchical-patterns-fade/
,sri aurobindo,amex_sriaurobindostudies_wordpress_com,amex_sriaurobindostudies_wordpress_com-5b2cf3ac420c64768d304e41,Alternatives to the Centralised Control of a World-State,33333,https://sriaurobindostudies.wordpress.com/2018/04/12/alternatives-to-the-centralised-control-of-a-world-state/
,sri aurobindo,amex_sriaurobindostudies_wordpress_com,amex_sriaurobindostudies_wordpress_com-5b2cf3ad420c64768d304e57,Evaluating Pros and Cons in the Development of a World-State,33333,https://sriaurobindostudies.wordpress.com/2018/04/13/evaluating-pros-and-cons-in-the-development-of-a-world-state/
,sri aurobindo,amex_sriaurobindostudies_wordpress_com,amex_sriaurobindostudies_wordpress_com-5b2cf3a4420c64768d304e0e,Failed Attempts to Bring the Internationalist Ideal to Life in the 20th Century,30000,https://sriaurobindostudies.wordpress.com/2018/06/01/failed-attempts-to-bring-the-internationalist-ideal-to-life-in-the-20th-century/
,sri aurobindo,amex_sriaurobindostudies_wordpress_com,amex_sriaurobindostudies_wordpress_com-5b2cf3ac420c64768d304e4b,"The Process of Development of Executive, Legislative and Administrative Power for the World-State",28571,https://sriaurobindostudies.wordpress.com/2018/03/31/the-process-of-development-of-executive-legislative-and-administrative-power-for-the-world-state/
,sri aurobindo,amex_sriaurobindostudies_wordpress_com,amex_sriaurobindostudies_wordpress_com-5b2cf3a5420c64768d304e1c,Favorable Influences in the World to Support the Growth of the Idea of Internationalism,28571,https://sriaurobindostudies.wordpress.com/2018/05/31/favorable-influences-in-the-world-to-support-the-growth-of-the-idea-of-internationalism/
,sri aurobindo,amex_sriaurobindostudies_wordpress_com,amex_sriaurobindostudies_wordpress_com-5b2cf3ad420c64768d304e53,National Language and the Example of Modern India,28571,https://sriaurobindostudies.wordpress.com/2018/04/25/national-language-and-the-example-of-modern-india/
,sri aurobindo,amex_sriaurobindostudies_wordpress_com,amex_sriaurobindostudies_wordpress_com-5b2cf3a5420c64768d304e19,Evolutionary Pressures for the Development of Human Unity,28571,https://sriaurobindostudies.wordpress.com/2018/06/07/evolutionary-pressures-for-the-development-of-human-unity/
,sri aurobindo,amex_sriaurobindostudies_wordpress_com,amex_sriaurobindostudies_wordpress_com-5b2cf3ac420c64768d304e4d,Issues Surrounding Adoption of a Unified World Language,28571,https://sriaurobindostudies.wordpress.com/2018/04/26/issues-surrounding-adoption-of-a-unified-world-language/
,sri aurobindo,amex_sriaurobindostudies_wordpress_com,amex_sriaurobindostudies_wordpress_com-5b2cf3ac420c64768d304e50,The Probable Development of a Common World-Culture,28571,https://sriaurobindostudies.wordpress.com/2018/04/09/the-probable-development-of-a-common-world-culture/
,sri aurobindo,amex_sriaurobindostudies_wordpress_com,amex_sriaurobindostudies_wordpress_com-5b2cf3b4420c64768d304ead,The First Principle of an Ideal Form of Human Unity,28571,https://sriaurobindostudies.wordpress.com/2018/01/20/the-first-principle-of-an-ideal-form-of-human-unity/
,sri aurobindo,amex_sriaurobindostudies_wordpress_com,amex_sriaurobindostudies_wordpress_com-5b2cf3a4420c64768d304e0c,The Birth and Development of the Religion of Humanity,25000,https://sriaurobindostudies.wordpress.com/2018/06/17/the-birth-and-development-of-the-religion-of-humanity/
,sri aurobindo,amex_sriaurobindostudies_wordpress_com,amex_sriaurobindostudies_wordpress_com-5b2cf3b3420c64768d304e9a,Transitional Stages Toward a Free and Natural Grouping of Humanity,25000,https://sriaurobindostudies.wordpress.com/2018/01/23/transitional-stages-toward-a-free-and-natural-grouping-of-humanity/
,sri aurobindo,amex_sriaurobindostudies_wordpress_com,amex_sriaurobindostudies_wordpress_com-5b2cf3b1420c64768d304e90,"The Transition from Vital, Natural Societal Groups to Rationalised State Organisation",25000,https://sriaurobindostudies.wordpress.com/2018/02/24/the-transition-from-vital-natural-societal-groups-to-rationalised-state-organisation/
,sri aurobindo,amex_sriaurobindostudies_wordpress_com,amex_sriaurobindostudies_wordpress_com-5b2cf3b4420c64768d304eb0,The Essential Nature of Freedom and Diversity,25000,https://sriaurobindostudies.wordpress.com/2018/01/16/the-essential-nature-of-freedom-and-diversity/
,sri aurobindo,amex_sriaurobindostudies_wordpress_com,amex_sriaurobindostudies_wordpress_com-5b2cf3ac420c64768d304e45,The American Concept and Agenda Behind the Proposal for a League of Nations,25000,https://sriaurobindostudies.wordpress.com/2018/05/09/the-american-concept-and-agenda-behind-the-proposal-for-a-league-of-nations/
,sri aurobindo,amex_sriaurobindostudies_wordpress_com,amex_sriaurobindostudies_wordpress_com-5b2cf3af420c64768d304e77,Progression in the Development of Executive Power in the Societal Grouping,25000,https://sriaurobindostudies.wordpress.com/2018/02/08/progression-in-the-development-of-executive-power-in-the-societal-grouping/
,sri aurobindo,amex_sriaurobindostudies_wordpress_com,amex_sriaurobindostudies_wordpress_com-5b2cf3b1420c64768d304e94,The Vital and Physical Underpinnings of Societal Development,25000,https://sriaurobindostudies.wordpress.com/2018/02/05/the-vital-and-physical-underpinnings-of-societal-development/
,sri aurobindo,amex_sriaurobindostudies_wordpress_com,amex_sriaurobindostudies_wordpress_com-5b2cf3ac420c64768d304e46,Natural Groupings and the Diversity of Languages,25000,https://sriaurobindostudies.wordpress.com/2018/04/21/natural-groupings-and-the-diversity-of-languages/
,sri aurobindo,amex_sriaurobindostudies_wordpress_com,amex_sriaurobindostudies_wordpress_com-5b2cf3a4420c64768d304e0f,The Nation-State as an Example of Creating Psychological Unity in a Societal Aggregate and Persistence Over Time,25000,https://sriaurobindostudies.wordpress.com/2018/06/14/the-nation-state-as-an-example-of-creating-psychological-unity-in-a-societal-aggregate-and-persistence-over-time/
,sri aurobindo,amex_sriaurobindostudies_wordpress_com,amex_sriaurobindostudies_wordpress_com-5b2cf3ad420c64768d304e54,The Need for a World-State to Govern Economic and Commercial Interests and Activities Between Nations,25000,https://sriaurobindostudies.wordpress.com/2018/03/29/the-need-for-a-world-state-to-govern-economic-and-commercial-interests-and-activities-between-nations/
,sri aurobindo,amex_sriaurobindostudies_wordpress_com,amex_sriaurobindostudies_wordpress_com-5b2cf3b4420c64768d304eae,Forced Unification of Humanity Represses Individual and National Liberty and Represents a Step Backwards in Human Progress,25000,https://sriaurobindostudies.wordpress.com/2017/12/31/forced-unification-of-humanity-represses-individual-and-national-liberty-and-represents-a-step-backwards-in-human-progress/
